Date,Min_Temperature,Max_Temperature,Avg_Temperature,Rainfall_mm,Humidity_%,Wind_Speed_kmph,Extreme_Event
2023-01-01,14.59,23.61,19.99,1.32,39.36,6.16,0
2023-01-02,12.04,23.28,17.45,2.01,31.24,24.4,0
2023-01-03,12.39,20.34,16.12,0.2,61.49,13.64,0
2023-01-04,14.72,23.73,20.17,0.34,47.53,12.33,0
2023-01-05,18.81,29.23,23.86,0.22,32.79,17.15,0
2023-01-06,13.84,23.89,17.1,0.19,87.94,21.17,0
2023-01-07,10.84,19.09,15.6,1.15,59.71,5.69,0
2023-01-08,12.8,22.48,16.83,2.4,48.7,15.4,0
2023-01-09,6.59,19.45,12.69,3.49,83.69,16.96,0
2023-01-10,15.43,22.57,18.79,2.55,32.71,11.51,0
2023-01-11,7.66,16.21,12.09,1.76,62.56,7.82,0
2023-01-12,11.82,22.07,15.12,1.62,76.33,8.97,0
2023-01-13,18.83,26.56,22.12,1.48,36.95,22.26,0
2023-01-14,17.4,24.98,21.73,0.98,48.66,11.5,0
2023-01-15,16.36,24.73,21.25,2.18,72.79,20.22,0
2023-01-16,17.34,28.4,23.42,0.82,61.36,13.55,0
2023-01-17,13.31,24.98,18.35,0.38,44.96,13.21,0
2023-01-18,12.89,20.11,16.8,1.41,47.39,8.22,0
2023-01-19,17.92,28.23,21.66,1.63,62.36,21.15,0
2023-01-20,15.04,22.76,19.32,2.26,43.68,13.54,0
2023-01-21,14.14,23.85,19.18,0.01,43.33,7.4,0
2023-01-22,12.27,23.34,19.04,0.41,61.13,19.06,0
2023-01-23,15.02,24.02,19.03,3.28,48.05,10.7,0
2023-01-24,12.26,22.71,17.7,0.04,33.09,10.57,0
2023-01-25,12.27,24.17,17.23,0.16,44.52,18.44,0
2023-01-26,15.26,25.12,19.21,1.43,52.07,17.65,0
2023-01-27,14.01,24.63,20.35,0.09,41.19,5.82,0
2023-01-28,21.05,29.83,26.76,0.89,60.73,9.53,0
2023-01-29,9.2,20.5,13.75,1.17,38.25,11.82,0
2023-01-30,13.2,26.4,19.89,0.12,45.48,18.2,0
2023-01-31,14.94,22.28,18.91,0.75,83.83,23.01,0
2023-02-01,18.87,27.63,23.23,1.0,73.56,22.94,0
2023-02-02,15.67,22.65,19.0,1.03,83.91,17.13,0
2023-02-03,15.98,25.04,19.39,0.01,30.3,8.22,0
2023-02-04,21.57,31.31,25.46,1.06,44.23,11.51,0
2023-02-05,14.3,26.29,19.9,1.37,69.46,16.37,0
2023-02-06,13.04,23.91,17.02,0.31,53.59,22.84,0
2023-02-07,8.81,20.0,14.99,1.0,64.61,14.85,0
2023-02-08,17.41,26.08,20.5,0.33,40.63,23.81,0
2023-02-09,7.91,19.05,14.57,3.08,30.93,23.57,0
2023-02-10,13.48,24.07,19.89,3.31,53.11,22.02,0
2023-02-11,14.03,22.94,17.71,0.38,86.17,18.92,0
2023-02-12,7.5,18.02,14.46,0.95,61.1,22.55,0
2023-02-13,12.83,24.42,18.61,1.35,51.57,10.87,0
2023-02-14,13.41,25.11,20.06,2.02,60.09,20.97,0
2023-02-15,14.25,26.24,20.06,1.05,83.4,11.76,0
2023-02-16,11.76,19.77,14.91,0.86,62.56,10.73,0
2023-02-17,13.93,20.2,17.05,0.89,79.36,12.2,0
2023-02-18,14.39,23.75,18.26,1.47,35.12,6.03,0
2023-02-19,8.53,19.24,13.69,0.76,73.57,24.52,0
2023-02-20,5.82,14.66,9.9,1.59,34.71,5.51,0
2023-02-21,12.4,24.53,18.75,3.29,54.54,8.47,0
2023-02-22,10.24,21.74,16.1,0.8,46.8,24.1,0
2023-02-23,10.17,20.83,15.39,1.34,55.18,9.95,0
2023-02-24,19.6,26.25,23.07,0.01,32.44,22.11,0
2023-02-25,10.27,18.56,15.17,1.22,59.5,14.47,0
2023-02-26,11.53,22.53,16.99,0.51,32.72,12.49,0
2023-02-27,8.0,19.43,13.01,0.98,69.52,8.26,0
2023-02-28,13.45,25.56,18.8,0.03,64.53,12.76,0
2023-03-01,27.77,37.78,32.6,2.06,86.49,12.72,0
2023-03-02,31.85,42.5,36.12,0.15,31.4,21.29,1
2023-03-03,29.04,38.3,32.51,0.66,67.74,22.55,0
2023-03-04,34.54,44.25,38.25,0.66,78.41,24.81,1
2023-03-05,33.03,43.62,37.52,1.06,50.45,23.62,1
2023-03-06,28.11,37.54,34.13,2.78,84.15,15.11,0
2023-03-07,35.11,45.98,39.4,3.5,53.35,5.22,1
2023-03-08,31.0,41.82,36.3,6.02,56.91,10.86,0
2023-03-09,28.79,40.49,34.48,0.8,77.49,20.79,0
2023-03-10,29.75,39.72,34.95,0.12,83.26,12.02,0
2023-03-11,27.84,37.46,31.41,0.25,67.09,7.02,0
2023-03-12,29.69,41.8,35.98,0.15,34.88,6.7,0
2023-03-13,28.48,37.45,32.97,8.63,78.77,23.94,0
2023-03-14,26.89,36.82,32.13,3.0,84.38,7.22,0
2023-03-15,31.1,39.02,34.15,1.36,33.38,7.38,0
2023-03-16,30.96,43.14,36.29,2.74,52.49,10.71,1
2023-03-17,27.8,38.54,31.69,4.06,30.73,24.4,0
2023-03-18,30.68,42.77,35.9,0.15,61.39,17.59,1
2023-03-19,30.23,40.56,35.05,2.38,65.06,23.02,0
2023-03-20,40.01,48.61,43.76,0.65,51.2,16.67,1
2023-03-21,24.87,38.71,31.77,0.16,71.89,15.72,0
2023-03-22,35.15,45.45,38.8,2.31,79.35,24.0,1
2023-03-23,27.24,37.37,32.69,2.59,85.96,22.32,0
2023-03-24,36.12,45.09,39.72,8.73,52.85,24.4,1
2023-03-25,26.77,38.0,33.12,3.69,54.89,10.47,0
2023-03-26,28.24,41.42,35.02,2.93,44.84,14.01,0
2023-03-27,28.37,40.61,35.19,0.28,43.72,18.43,0
2023-03-28,23.18,33.94,28.86,0.24,76.34,15.4,0
2023-03-29,34.9,45.35,40.11,3.82,82.6,13.07,1
2023-03-30,33.73,41.13,37.58,2.44,30.87,12.01,0
2023-03-31,35.91,45.22,40.47,1.78,84.25,11.97,1
2023-04-01,35.52,47.46,41.01,1.01,86.97,7.94,1
2023-04-02,30.33,39.33,35.3,5.22,57.55,24.6,0
2023-04-03,22.77,30.03,26.73,2.01,37.73,7.56,0
2023-04-04,31.09,40.21,34.64,0.33,40.91,11.91,0
2023-04-05,31.06,38.52,34.75,2.2,32.45,8.38,0
2023-04-06,35.11,42.18,38.82,0.65,37.24,14.22,1
2023-04-07,27.02,35.94,32.79,1.4,77.96,17.56,0
2023-04-08,23.71,36.89,30.21,0.17,33.66,10.54,0
2023-04-09,33.62,41.94,37.46,0.41,59.07,17.37,0
2023-04-10,33.18,44.02,38.03,0.92,32.2,10.05,1
2023-04-11,32.18,40.73,37.31,1.43,56.84,15.65,0
2023-04-12,32.17,40.75,36.25,0.56,31.2,11.44,0
2023-04-13,25.85,37.79,32.41,0.26,70.75,20.78,0
2023-04-14,27.33,35.82,30.67,1.38,65.21,19.91,0
2023-04-15,26.4,36.43,30.85,0.67,64.25,12.12,0
2023-04-16,28.82,38.19,34.24,8.61,36.11,8.06,0
2023-04-17,28.26,36.09,32.4,0.41,83.81,6.6,0
2023-04-18,28.41,39.98,33.05,1.49,36.72,12.96,0
2023-04-19,27.02,39.41,32.69,0.37,63.41,16.43,0
2023-04-20,31.94,41.77,38.02,0.66,49.42,13.51,0
2023-04-21,23.05,32.64,28.49,0.24,64.87,8.09,0
2023-04-22,30.06,38.4,35.19,1.31,50.2,7.69,0
2023-04-23,33.3,45.07,39.03,0.59,65.74,14.43,1
2023-04-24,28.3,39.41,32.69,1.06,79.84,24.3,0
2023-04-25,32.76,39.75,36.48,5.57,74.47,16.49,0
2023-04-26,29.02,38.77,32.58,3.69,42.1,8.27,0
2023-04-27,31.49,41.01,36.58,2.19,82.63,12.85,0
2023-04-28,28.56,37.82,33.32,3.39,57.76,11.03,0
2023-04-29,28.48,39.61,35.07,0.53,62.61,23.13,0
2023-04-30,38.24,48.47,41.71,1.96,67.66,11.7,1
2023-05-01,31.22,42.93,36.35,1.94,77.32,8.03,1
2023-05-02,29.34,39.31,33.34,0.75,32.01,16.4,0
2023-05-03,30.63,40.36,36.92,0.84,80.79,7.55,0
2023-05-04,30.15,39.93,36.33,1.01,43.76,19.45,0
2023-05-05,33.31,42.49,38.48,2.37,50.74,8.63,1
2023-05-06,35.09,45.03,40.42,4.78,57.72,23.95,1
2023-05-07,30.67,39.19,36.12,1.41,82.33,23.64,0
2023-05-08,24.71,37.19,30.5,1.67,72.43,8.05,0
2023-05-09,36.58,49.27,42.53,1.1,85.53,14.02,1
2023-05-10,33.44,46.74,40.38,0.24,37.48,23.42,1
2023-05-11,30.63,38.44,35.22,1.79,50.11,21.06,0
2023-05-12,35.04,43.97,39.38,0.01,62.24,23.4,1
2023-05-13,25.03,33.74,29.84,2.68,57.15,7.82,0
2023-05-14,24.83,34.5,29.82,0.39,84.89,12.25,0
2023-05-15,36.74,46.11,42.4,0.03,87.66,7.97,1
2023-05-16,36.16,46.49,39.51,1.07,60.13,16.91,1
2023-05-17,28.46,38.88,35.06,0.47,41.44,5.73,0
2023-05-18,29.64,38.17,34.9,1.28,76.53,14.07,0
2023-05-19,19.16,28.02,24.4,1.02,40.92,22.24,0
2023-05-20,34.87,43.45,39.37,5.84,68.64,13.17,1
2023-05-21,34.85,42.67,38.74,0.05,70.31,5.39,1
2023-05-22,33.89,43.8,40.09,0.22,69.16,9.76,1
2023-05-23,27.62,40.36,34.04,2.56,53.83,18.36,0
2023-05-24,29.33,40.09,33.5,0.46,30.78,6.71,0
2023-05-25,29.73,42.57,36.3,1.09,50.51,10.19,1
2023-05-26,24.63,34.07,30.0,0.96,67.45,13.19,0
2023-05-27,19.88,32.73,26.67,0.7,38.41,22.37,0
2023-05-28,35.21,47.99,41.79,1.34,55.51,5.45,1
2023-05-29,32.2,39.79,36.23,2.01,80.1,24.69,0
2023-05-30,24.47,32.25,28.16,1.49,31.1,23.29,0
2023-05-31,30.57,41.39,35.78,0.64,79.78,9.13,0
2023-06-01,27.54,37.69,31.09,0.02,82.43,16.95,0
2023-06-02,35.0,46.34,41.66,0.39,52.99,15.38,1
2023-06-03,35.39,45.01,39.06,0.1,34.97,17.06,1
2023-06-04,28.13,38.43,32.55,0.68,47.83,16.33,0
2023-06-05,23.72,36.12,29.37,1.29,73.95,9.3,0
2023-06-06,27.31,37.03,32.7,1.37,76.25,7.13,0
2023-06-07,29.58,40.47,35.49,0.16,71.3,13.7,0
2023-06-08,32.05,41.92,37.83,3.21,65.41,12.22,0
2023-06-09,26.08,36.3,32.75,0.19,87.01,13.92,0
2023-06-10,29.78,41.94,35.71,4.13,69.53,18.85,0
2023-06-11,25.66,34.62,29.66,3.78,43.27,24.75,0
2023-06-12,31.45,43.38,36.72,0.4,32.04,18.95,1
2023-06-13,29.13,42.71,35.83,0.71,86.66,14.48,1
2023-06-14,28.8,38.26,35.11,0.77,65.78,9.6,0
2023-06-15,31.81,40.9,35.12,0.26,50.39,19.5,0
2023-06-16,28.09,38.53,34.25,1.55,67.55,22.72,0
2023-06-17,29.31,36.34,33.24,1.91,82.21,5.43,0
2023-06-18,29.13,42.32,35.33,5.6,51.04,20.34,1
2023-06-19,34.34,44.77,39.26,1.03,82.42,24.68,1
2023-06-20,27.27,37.17,33.22,1.09,36.63,12.09,0
2023-06-21,36.63,44.75,40.81,0.68,32.53,5.36,1
2023-06-22,29.14,38.73,34.86,0.97,87.0,20.73,0
2023-06-23,31.27,42.45,35.94,0.19,86.68,14.35,1
2023-06-24,26.58,37.28,30.51,9.46,68.98,17.15,0
2023-06-25,32.61,40.24,36.53,1.44,43.23,8.73,0
2023-06-26,25.57,38.99,32.45,0.12,85.67,24.9,0
2023-06-27,35.17,45.79,39.76,0.38,71.76,8.08,1
2023-06-28,27.64,38.16,32.79,0.51,64.81,6.83,0
2023-06-29,33.47,41.05,37.53,4.2,83.32,24.11,0
2023-06-30,30.94,39.49,36.14,2.13,54.51,12.45,0
2023-07-01,23.11,33.99,29.0,3.01,34.86,9.4,0
2023-07-02,21.47,31.37,26.45,19.05,65.54,21.49,0
2023-07-03,22.96,33.93,28.67,4.27,46.02,22.57,0
2023-07-04,23.3,35.61,29.77,19.01,80.22,18.95,0
2023-07-05,25.85,37.34,31.33,11.4,39.52,22.62,0
2023-07-06,21.52,31.14,27.5,4.08,79.08,21.64,0
2023-07-07,25.41,32.59,28.44,7.08,67.02,24.62,0
2023-07-08,18.76,30.04,23.92,10.05,36.42,20.22,0
2023-07-09,23.39,34.61,30.24,7.79,67.96,23.64,0
2023-07-10,20.83,29.93,26.66,3.58,64.93,11.92,0
2023-07-11,25.4,35.07,28.58,9.7,88.41,24.38,0
2023-07-12,23.22,29.41,26.32,14.2,49.42,14.77,0
2023-07-13,23.4,33.92,29.13,14.71,46.42,24.94,0
2023-07-14,17.48,29.43,23.66,1.79,43.25,6.65,0
2023-07-15,15.79,25.5,21.4,11.41,87.05,8.02,0
2023-07-16,24.4,34.54,29.95,5.44,46.45,24.68,0
2023-07-17,21.13,31.62,27.7,5.27,42.79,5.62,0
2023-07-18,19.35,31.12,24.25,19.98,41.13,22.37,0
2023-07-19,26.25,38.71,32.33,14.99,75.66,17.52,0
2023-07-20,23.66,32.06,28.59,15.92,37.51,18.71,0
2023-07-21,26.32,35.09,30.13,5.63,33.85,16.64,0
2023-07-22,25.7,33.57,30.52,3.72,34.35,12.85,0
2023-07-23,20.64,30.21,26.04,6.54,71.7,22.2,0
2023-07-24,18.15,28.67,25.1,2.77,59.93,17.36,0
2023-07-25,22.62,30.9,27.86,12.12,49.59,15.35,0
2023-07-26,23.94,31.85,27.26,0.34,37.96,16.35,0
2023-07-27,19.75,29.75,25.95,11.69,40.05,7.09,0
2023-07-28,25.45,35.41,32.2,0.32,62.48,19.18,0
2023-07-29,24.92,36.98,30.77,20.48,50.37,21.3,0
2023-07-30,26.38,37.06,31.95,6.02,73.9,6.63,0
2023-07-31,24.6,32.23,28.59,0.62,82.31,9.38,0
2023-08-01,24.58,34.79,29.57,10.75,73.15,9.57,0
2023-08-02,19.38,31.88,26.28,56.09,41.97,18.6,1
2023-08-03,21.32,33.2,27.23,20.27,55.53,11.92,0
2023-08-04,16.04,26.15,22.99,4.64,82.02,16.57,0
2023-08-05,26.56,39.65,33.05,6.67,55.3,10.54,0
2023-08-06,19.97,30.47,26.62,8.97,67.38,17.63,0
2023-08-07,19.49,29.84,26.12,12.58,44.25,24.43,0
2023-08-08,22.77,34.16,29.19,2.0,44.83,22.41,0
2023-08-09,24.94,33.97,30.32,4.45,53.46,24.39,0
2023-08-10,13.83,23.76,19.45,2.99,76.41,7.62,0
2023-08-11,24.57,31.54,27.86,2.69,61.19,11.74,0
2023-08-12,24.71,33.43,29.43,17.65,67.03,19.14,0
2023-08-13,21.01,32.61,26.95,0.37,58.48,21.88,0
2023-08-14,21.61,33.43,26.95,16.38,42.35,7.24,0
2023-08-15,21.04,30.94,27.79,7.58,37.33,14.04,0
2023-08-16,23.62,32.92,27.89,27.16,32.49,7.97,0
2023-08-17,25.69,35.7,30.75,6.06,70.01,7.79,0
2023-08-18,24.81,34.86,29.04,0.3,42.11,18.47,0
2023-08-19,22.42,31.9,26.13,20.26,80.29,23.89,0
2023-08-20,28.75,39.21,33.74,11.5,82.13,16.41,0
2023-08-21,25.68,35.89,31.32,2.43,69.07,7.13,0
2023-08-22,24.56,34.75,31.56,10.72,88.63,13.14,0
2023-08-23,23.01,35.48,28.96,8.37,54.25,11.54,0
2023-08-24,23.03,35.31,29.27,11.01,77.87,13.71,0
2023-08-25,24.53,31.85,27.55,7.86,51.99,12.92,0
2023-08-26,23.82,33.17,28.38,11.89,44.25,12.47,0
2023-08-27,28.07,37.45,32.93,9.66,81.8,15.38,0
2023-08-28,27.93,35.39,31.03,6.52,52.81,12.98,0
2023-08-29,25.01,37.32,31.07,9.36,73.09,24.11,0
2023-08-30,31.54,38.35,35.32,0.18,68.85,22.96,0
2023-08-31,21.57,32.72,28.31,0.62,36.09,14.72,0
2023-09-01,23.67,32.04,27.81,2.97,78.18,15.78,0
2023-09-02,26.66,35.41,30.75,12.59,37.31,8.62,0
2023-09-03,19.56,28.39,23.29,11.43,72.54,7.14,0
2023-09-04,18.29,29.44,23.22,32.95,63.01,5.87,0
2023-09-05,22.52,34.73,29.32,10.03,79.15,22.68,0
2023-09-06,21.25,32.25,25.89,9.44,84.0,12.07,0
2023-09-07,19.89,30.11,26.01,2.7,79.36,13.47,0
2023-09-08,21.17,31.33,25.98,9.78,40.08,19.74,0
2023-09-09,24.97,32.22,28.84,19.86,31.42,17.84,0
2023-09-10,26.33,36.27,30.89,2.64,59.81,24.76,0
2023-09-11,28.85,39.25,34.63,1.47,55.69,19.35,0
2023-09-12,26.39,33.05,29.71,3.2,83.65,8.84,0
2023-09-13,28.98,37.31,32.89,3.91,34.17,15.38,0
2023-09-14,23.1,33.83,28.7,21.21,49.46,11.66,0
2023-09-15,16.36,28.98,23.33,11.07,63.47,19.61,0
2023-09-16,19.05,29.59,25.88,8.26,71.4,9.02,0
2023-09-17,24.45,32.63,27.83,7.67,75.37,11.95,0
2023-09-18,27.34,35.87,31.27,26.2,39.14,24.85,0
2023-09-19,24.67,36.2,29.83,26.17,61.26,17.47,0
2023-09-20,22.27,34.7,28.58,1.37,72.52,5.72,0
2023-09-21,23.02,31.51,27.07,3.61,35.26,23.74,0
2023-09-22,17.7,27.89,22.49,5.06,60.94,23.39,0
2023-09-23,22.56,35.93,29.52,6.87,42.51,23.61,0
2023-09-24,21.73,34.72,28.25,4.79,78.36,20.8,0
2023-09-25,24.38,32.32,27.7,3.63,40.41,18.9,0
2023-09-26,21.79,31.61,28.08,10.24,81.72,23.46,0
2023-09-27,22.55,34.03,27.97,6.68,40.49,15.05,0
2023-09-28,21.53,27.91,24.8,4.58,38.11,24.26,0
2023-09-29,20.22,31.81,27.08,7.97,48.71,15.12,0
2023-09-30,21.32,30.66,25.18,10.24,69.01,8.04,0
2023-10-01,18.44,29.41,24.57,0.19,33.49,24.9,0
2023-10-02,21.49,29.01,25.45,12.35,37.28,11.07,0
2023-10-03,18.22,27.24,23.99,0.32,60.57,24.93,0
2023-10-04,20.82,31.42,26.31,1.1,55.57,7.61,0
2023-10-05,23.77,32.35,28.57,6.53,52.07,13.28,0
2023-10-06,23.58,31.29,26.62,4.4,58.88,5.38,0
2023-10-07,21.24,30.83,27.28,0.9,62.12,9.3,0
2023-10-08,19.76,29.77,24.95,0.35,80.66,6.96,0
2023-10-09,23.14,31.04,26.74,2.01,74.24,14.52,0
2023-10-10,14.74,27.45,20.88,1.85,87.32,20.74,0
2023-10-11,14.41,24.91,20.16,1.14,45.28,21.82,0
2023-10-12,24.89,37.02,31.47,3.23,66.84,6.33,0
2023-10-13,19.58,29.13,23.18,2.19,60.73,18.6,0
2023-10-14,20.86,30.73,23.9,0.22,74.25,12.07,0
2023-10-15,21.16,31.65,25.55,1.06,69.68,8.7,0
2023-10-16,25.47,31.89,28.56,0.92,88.07,10.91,0
2023-10-17,21.66,31.68,27.16,4.4,42.34,7.43,0
2023-10-18,23.86,32.15,28.98,3.1,88.11,20.97,0
2023-10-19,19.75,32.08,26.67,1.04,64.95,19.96,0
2023-10-20,22.26,33.33,26.61,0.41,43.48,12.44,0
2023-10-21,23.46,33.67,28.22,1.7,86.58,9.81,0
2023-10-22,18.75,28.48,24.34,6.54,78.96,22.23,0
2023-10-23,17.49,28.18,24.17,5.62,75.3,14.21,0
2023-10-24,20.85,30.18,26.47,4.49,62.7,24.69,0
2023-10-25,24.03,30.86,27.2,8.31,37.9,19.52,0
2023-10-26,17.05,29.35,23.41,2.11,62.53,16.81,0
2023-10-27,22.57,32.02,26.76,2.13,71.33,22.47,0
2023-10-28,24.02,31.91,28.87,0.52,44.8,19.53,0
2023-10-29,23.62,31.63,27.02,14.41,78.0,9.08,0
2023-10-30,26.26,34.43,30.01,2.87,77.03,16.08,0
2023-10-31,20.14,29.33,26.18,0.02,74.74,9.05,0
2023-11-01,21.04,28.86,24.64,1.19,82.6,24.93,0
2023-11-02,21.46,32.15,26.26,1.38,83.17,16.86,0
2023-11-03,17.73,26.22,20.74,3.57,51.33,20.88,0
2023-11-04,14.36,24.64,19.72,0.29,68.54,6.3,0
2023-11-05,24.21,35.33,29.63,2.47,78.3,10.4,0
2023-11-06,26.03,34.33,31.02,5.23,33.51,11.68,0
2023-11-07,22.02,31.85,27.09,4.66,38.85,11.56,0
2023-11-08,24.51,31.75,27.87,1.71,65.89,19.71,0
2023-11-09,15.78,25.4,21.93,3.03,54.59,21.8,0
2023-11-10,25.27,35.91,30.56,1.45,41.07,12.24,0
2023-11-11,18.66,29.46,25.42,1.06,55.78,22.45,0
2023-11-12,15.95,25.91,19.69,5.53,57.49,14.66,0
2023-11-13,19.0,30.98,24.92,1.72,39.53,17.2,0
2023-11-14,24.31,35.94,30.32,0.44,87.4,6.38,0
2023-11-15,20.71,31.32,24.7,0.91,44.97,10.44,0
2023-11-16,19.59,30.5,24.39,4.27,33.92,14.75,0
2023-11-17,11.13,20.81,17.73,1.28,69.83,24.27,0
2023-11-18,20.9,30.86,27.65,2.46,55.13,10.2,0
2023-11-19,22.12,32.24,27.38,0.66,88.32,17.17,0
2023-11-20,17.78,24.84,21.24,1.29,43.52,10.02,0
2023-11-21,22.14,32.04,25.6,2.22,73.37,6.35,0
2023-11-22,23.27,31.77,28.45,3.69,57.5,14.69,0
2023-11-23,21.66,31.91,26.31,1.86,62.73,6.25,0
2023-11-24,21.49,32.55,27.71,2.16,33.12,20.73,0
2023-11-25,18.74,29.09,23.06,0.54,61.16,9.1,0
2023-11-26,16.08,29.08,22.6,6.31,44.33,14.02,0
2023-11-27,22.66,31.07,27.65,2.32,69.41,21.44,0
2023-11-28,18.66,31.62,24.77,1.44,42.23,15.47,0
2023-11-29,22.22,33.95,27.76,2.59,53.76,23.3,0
2023-11-30,19.36,28.78,23.0,2.28,77.6,11.34,0
2023-12-01,10.08,22.28,16.66,0.2,39.13,13.81,0
2023-12-02,13.05,22.92,16.39,0.96,78.22,15.1,0
2023-12-03,12.01,23.22,17.68,4.14,39.96,22.64,0
2023-12-04,16.16,22.86,19.81,0.56,63.59,15.55,0
2023-12-05,14.39,24.07,20.32,0.08,81.49,21.38,0
2023-12-06,13.46,23.56,19.3,0.78,58.27,21.43,0
2023-12-07,3.2,13.85,9.51,0.68,40.43,19.24,0
2023-12-08,12.17,19.53,15.57,1.75,38.52,11.96,0
2023-12-09,18.98,28.87,24.46,1.05,80.49,14.43,0
2023-12-10,11.17,20.22,16.71,3.87,70.57,11.5,0
2023-12-11,9.72,20.05,16.14,0.19,80.22,10.59,0
2023-12-12,13.03,23.86,18.8,1.03,48.32,9.25,0
2023-12-13,13.99,26.21,20.06,2.05,69.9,10.21,0
2023-12-14,13.04,23.96,18.72,2.38,36.66,13.94,0
2023-12-15,17.91,29.34,22.43,0.79,36.64,13.45,0
2023-12-16,11.56,24.19,17.52,0.04,46.8,22.17,0
2023-12-17,13.83,23.12,20.05,1.4,87.77,19.53,0
2023-12-18,10.64,21.09,16.96,0.36,82.37,7.25,0
2023-12-19,15.5,22.52,19.47,0.1,58.13,11.03,0
2023-12-20,21.16,29.55,25.35,0.91,74.59,5.96,0
2023-12-21,18.06,25.12,21.8,2.23,44.37,20.89,0
2023-12-22,19.51,31.82,24.84,0.04,81.34,15.43,0
2023-12-23,7.65,19.97,14.29,0.1,79.76,22.58,0
2023-12-24,13.88,23.68,18.95,0.85,49.02,13.69,0
2023-12-25,15.27,25.47,20.04,2.23,67.88,16.83,0
2023-12-26,19.54,28.54,23.49,1.21,36.25,12.69,0
2023-12-27,21.28,32.66,26.68,3.01,60.38,17.68,0
2023-12-28,13.28,21.74,17.3,0.07,58.35,5.91,0
2023-12-29,11.96,21.21,16.28,3.56,41.77,17.22,0
2023-12-30,11.4,20.3,15.23,0.33,30.33,5.15,0
2023-12-31,11.47,21.81,16.76,1.62,47.61,23.64,0
2024-01-01,11.64,20.46,14.99,0.51,36.83,11.9,0
2024-01-02,16.49,29.28,22.3,0.68,37.89,10.49,0
2024-01-03,13.4,22.73,18.09,0.5,84.46,19.28,0
2024-01-04,4.85,17.96,11.68,1.74,30.09,17.73,0
2024-01-05,17.55,24.82,21.58,0.05,66.23,18.73,0
2024-01-06,12.45,20.41,16.93,0.61,55.14,20.02,0
2024-01-07,11.11,18.85,14.44,0.07,86.5,18.37,0
2024-01-08,10.6,19.18,13.64,0.9,84.8,17.25,0
2024-01-09,17.75,27.13,23.64,2.07,84.15,6.33,0
2024-01-10,8.74,17.61,13.43,0.01,59.16,16.54,0
2024-01-11,14.94,23.67,18.43,0.04,50.59,19.58,0
2024-01-12,17.16,27.57,21.88,1.18,46.52,11.13,0
2024-01-13,14.92,25.9,19.71,1.56,79.35,22.15,0
2024-01-14,12.13,21.95,17.46,0.38,66.06,19.11,0
2024-01-15,16.75,24.91,21.24,1.17,55.83,7.85,0
2024-01-16,13.67,22.35,16.77,0.17,68.21,11.81,0
2024-01-17,16.48,25.36,21.12,0.07,70.63,17.12,0
2024-01-18,8.25,18.82,13.06,4.43,38.43,14.71,0
2024-01-19,10.61,22.49,15.63,0.03,53.05,5.78,0
2024-01-20,14.55,23.67,17.65,0.17,57.51,10.78,0
2024-01-21,13.06,23.34,16.52,2.3,48.84,22.77,0
2024-01-22,18.54,29.54,22.69,4.14,53.37,12.71,0
2024-01-23,14.31,23.1,19.48,0.42,63.22,15.83,0
2024-01-24,16.34,24.59,20.55,0.58,41.68,6.15,0
2024-01-25,15.92,26.87,20.0,0.42,63.46,11.95,0
2024-01-26,8.2,18.66,13.71,0.59,54.11,24.88,0
2024-01-27,13.46,24.23,18.96,2.12,67.24,9.03,0
2024-01-28,10.97,20.05,16.14,0.65,87.84,23.19,0
2024-01-29,12.44,24.06,17.58,1.28,37.84,20.81,0
2024-01-30,12.57,25.85,19.08,0.32,38.93,14.25,0
2024-01-31,11.69,23.08,16.63,3.96,65.32,12.51,0
2024-02-01,9.83,19.42,14.38,1.43,59.54,16.55,0
2024-02-02,8.46,20.02,15.38,2.01,79.65,20.29,0
2024-02-03,16.79,26.64,20.22,0.22,56.35,21.94,0
2024-02-04,15.11,24.89,18.36,2.24,56.9,15.21,0
2024-02-05,15.72,26.37,20.62,0.02,73.36,18.85,0
2024-02-06,14.58,23.21,18.78,0.14,78.27,10.58,0
2024-02-07,18.76,27.76,21.81,0.35,80.05,19.81,0
2024-02-08,14.04,26.13,20.05,0.15,69.51,20.32,0
2024-02-09,14.46,22.72,19.41,0.09,54.45,13.14,0
2024-02-10,17.89,25.72,22.28,0.07,78.49,23.95,0
2024-02-11,5.42,16.6,10.43,0.08,72.43,6.0,0
2024-02-12,14.24,23.03,18.85,0.08,43.94,10.62,0
2024-02-13,16.41,25.22,21.32,0.39,68.43,24.58,0
2024-02-14,12.79,22.82,17.22,0.93,37.38,22.77,0
2024-02-15,0.42,9.21,5.92,0.88,70.96,9.84,0
2024-02-16,12.45,24.95,18.74,1.25,63.15,15.4,0
2024-02-17,14.58,23.71,19.57,0.32,38.03,17.59,0
2024-02-18,9.97,20.23,15.96,0.06,30.01,15.22,0
2024-02-19,13.67,20.68,16.69,1.83,74.45,11.33,0
2024-02-20,14.18,22.7,18.62,0.11,80.56,11.27,0
2024-02-21,12.41,23.56,19.05,0.57,87.84,6.79,0
2024-02-22,13.8,23.32,18.77,1.16,67.96,19.08,0
2024-02-23,15.82,28.66,21.86,3.38,72.15,10.96,0
2024-02-24,16.82,28.52,22.94,0.11,32.89,12.2,0
2024-02-25,13.17,21.84,18.0,0.57,52.12,12.4,0
2024-02-26,14.33,25.07,20.4,0.05,79.33,22.01,0
2024-02-27,13.97,24.35,20.49,0.64,70.67,17.16,0
2024-02-28,9.9,19.05,13.44,0.35,74.32,11.31,0
2024-02-29,9.45,19.8,13.24,1.25,47.24,12.36,0
2024-03-01,38.12,46.63,41.57,0.12,46.06,21.71,1
2024-03-02,29.47,39.21,34.09,1.36,65.71,5.2,0
2024-03-03,24.17,36.1,31.02,1.25,70.65,11.24,0
2024-03-04,30.96,41.36,37.86,1.47,31.02,20.4,0
2024-03-05,34.39,41.94,37.87,3.29,31.05,10.87,0
2024-03-06,30.92,38.41,35.41,0.86,47.99,17.93,0
2024-03-07,34.81,44.29,41.2,7.31,83.91,20.66,1
2024-03-08,29.9,37.37,34.11,1.02,43.69,9.93,0
2024-03-09,34.97,45.85,40.96,1.32,33.47,24.16,1
2024-03-10,31.78,39.55,35.08,6.58,43.52,8.92,0
2024-03-11,30.43,42.05,35.92,0.3,64.7,7.94,1
2024-03-12,31.3,41.03,36.99,0.98,50.71,23.35,0
2024-03-13,34.68,46.12,39.56,0.69,72.46,6.24,1
2024-03-14,24.83,36.78,31.66,0.29,44.51,15.01,0
2024-03-15,40.05,47.46,43.36,2.28,78.42,14.19,1
2024-03-16,22.49,30.93,26.15,0.09,42.55,6.0,0
2024-03-17,34.21,47.31,41.13,3.71,81.23,9.84,1
2024-03-18,23.23,31.9,28.61,1.15,67.34,24.62,0
2024-03-19,30.68,43.48,36.85,0.42,86.62,24.2,1
2024-03-20,33.06,41.61,36.7,2.83,73.1,9.95,0
2024-03-21,29.41,38.73,35.08,2.05,63.91,20.43,0
2024-03-22,29.32,40.45,33.75,0.02,43.72,17.69,0
2024-03-23,30.71,41.39,35.0,0.5,73.73,6.91,0
2024-03-24,27.6,36.73,33.25,1.31,47.33,12.96,0
2024-03-25,27.76,37.92,34.74,5.04,75.66,12.43,0
2024-03-26,33.87,45.99,40.68,5.01,51.43,20.75,1
2024-03-27,27.34,37.03,32.6,0.58,69.4,9.81,0
2024-03-28,31.9,38.2,35.06,0.5,40.51,22.34,0
2024-03-29,24.38,36.51,31.18,0.66,56.2,16.6,0
2024-03-30,37.06,48.05,41.47,0.66,86.79,22.85,1
2024-03-31,29.3,40.32,35.42,1.09,59.85,9.09,0
2024-04-01,23.57,33.82,29.99,0.81,34.27,6.38,0
2024-04-02,31.43,41.09,36.45,5.65,78.65,21.72,0
2024-04-03,34.32,43.55,39.94,2.95,82.55,15.78,1
2024-04-04,26.01,33.87,30.72,0.66,37.67,20.31,0
2024-04-05,28.39,36.51,32.3,7.23,48.24,9.61,0
2024-04-06,29.22,42.0,35.14,0.0,43.46,18.26,1
2024-04-07,33.45,41.97,37.67,1.1,72.76,21.34,0
2024-04-08,32.37,43.46,36.85,0.4,78.4,24.7,1
2024-04-09,26.97,35.92,32.61,1.79,62.67,19.19,0
2024-04-10,34.57,46.02,40.69,0.37,87.13,5.85,1
2024-04-11,31.74,43.64,37.6,0.7,36.15,15.28,1
2024-04-12,24.51,35.72,28.99,1.42,79.65,18.94,0
2024-04-13,27.94,39.63,33.72,5.08,81.7,10.48,0
2024-04-14,38.4,46.56,42.18,3.29,50.14,24.57,1
2024-04-15,31.51,43.55,36.76,2.6,59.78,12.61,1
2024-04-16,31.97,44.05,38.12,0.36,53.06,5.5,1
2024-04-17,22.66,34.11,28.93,2.44,88.02,6.03,0
2024-04-18,27.7,40.02,33.57,1.41,40.76,21.0,0
2024-04-19,19.93,30.02,26.39,0.28,48.59,10.8,0
2024-04-20,33.7,45.58,39.39,4.1,45.03,17.5,1
2024-04-21,36.8,45.54,39.85,4.73,33.11,15.98,1
2024-04-22,31.82,40.46,36.05,0.68,67.28,11.68,0
2024-04-23,26.35,36.63,32.48,0.14,55.97,18.71,0
2024-04-24,37.91,45.63,41.13,0.81,86.67,17.83,1
2024-04-25,34.8,45.47,39.47,0.44,36.08,10.56,1
2024-04-26,36.07,47.72,40.79,0.65,34.05,15.37,1
2024-04-27,28.26,38.77,34.08,2.68,50.79,12.95,0
2024-04-28,27.48,36.24,31.3,0.61,46.11,10.75,0
2024-04-29,32.52,39.13,35.83,1.85,87.09,10.95,0
2024-04-30,29.88,40.77,35.28,0.19,68.91,10.35,0
2024-05-01,32.81,42.5,38.25,2.45,46.27,16.95,1
2024-05-02,23.62,33.83,30.41,4.02,39.29,23.89,0
2024-05-03,31.86,43.01,37.21,0.45,70.81,13.16,1
2024-05-04,31.03,40.37,36.36,0.03,57.02,24.15,0
2024-05-05,33.81,46.41,39.5,0.42,36.11,5.17,1
2024-05-06,30.29,39.66,33.66,1.14,84.87,13.68,0
2024-05-07,30.22,38.61,33.25,2.57,66.8,17.75,0
2024-05-08,22.72,31.94,28.57,0.55,41.96,22.55,0
2024-05-09,27.87,35.12,31.86,0.63,57.54,19.65,0
2024-05-10,26.55,35.56,32.24,1.87,87.09,21.77,0
2024-05-11,31.82,40.8,37.0,5.4,67.01,19.86,0
2024-05-12,31.8,40.16,36.89,2.68,52.27,23.42,0
2024-05-13,34.82,45.87,39.29,0.63,69.99,20.75,1
2024-05-14,38.93,48.45,44.46,1.21,72.33,13.55,1
2024-05-15,39.71,49.27,42.97,5.51,47.54,13.88,1
2024-05-16,27.73,36.94,31.93,0.04,33.37,14.82,0
2024-05-17,28.99,36.67,33.03,2.13,39.63,6.41,0
2024-05-18,35.12,47.3,40.77,0.41,78.85,18.7,1
2024-05-19,29.67,38.73,33.67,0.74,62.13,12.14,0
2024-05-20,26.24,38.71,32.55,0.87,48.47,23.28,0
2024-05-21,29.48,41.26,34.5,0.88,82.58,7.05,0
2024-05-22,31.1,41.32,36.31,1.0,41.63,22.18,0
2024-05-23,32.69,43.44,38.69,3.91,66.63,8.21,1
2024-05-24,33.21,42.71,36.93,2.24,43.78,7.35,1
2024-05-25,35.26,42.24,38.9,1.45,31.15,8.31,1
2024-05-26,34.71,43.09,38.67,4.43,36.32,9.45,1
2024-05-27,41.48,49.27,44.71,0.56,44.05,9.39,1
2024-05-28,31.27,41.96,36.73,6.43,54.95,13.58,0
2024-05-29,38.8,47.48,42.48,2.42,54.72,22.41,1
2024-05-30,31.43,40.02,36.56,2.0,66.34,7.34,0
2024-05-31,27.59,35.99,31.42,2.36,83.74,9.09,0
2024-06-01,28.69,36.44,33.37,1.42,77.57,6.38,0
2024-06-02,39.73,49.5,45.48,1.98,30.6,19.47,1
2024-06-03,24.21,36.84,30.55,1.53,80.6,14.7,0
2024-06-04,35.65,45.81,39.39,1.2,82.95,14.33,1
2024-06-05,27.95,38.71,32.5,0.16,84.11,9.07,0
2024-06-06,35.13,43.99,38.39,6.89,34.45,12.51,1
2024-06-07,21.28,33.0,26.01,3.26,63.54,11.42,0
2024-06-08,29.18,36.94,32.46,0.93,57.85,19.45,0
2024-06-09,24.41,33.27,30.24,2.14,43.06,18.23,0
2024-06-10,28.1,39.39,34.19,3.26,33.99,20.33,0
2024-06-11,28.85,40.98,34.97,1.75,78.18,15.36,0
2024-06-12,30.67,40.32,36.64,1.94,41.7,22.81,0
2024-06-13,24.92,37.59,31.56,2.77,65.83,18.08,0
2024-06-14,32.14,40.66,35.76,2.0,72.98,10.42,0
2024-06-15,34.51,42.73,38.77,0.45,42.89,13.5,1
2024-06-16,31.75,40.85,35.06,0.42,52.97,21.44,0
2024-06-17,32.42,42.7,38.61,2.15,71.54,10.28,1
2024-06-18,31.61,39.45,35.69,0.78,71.68,9.37,0
2024-06-19,33.15,42.86,37.21,1.81,78.9,20.56,1
2024-06-20,26.42,36.69,32.21,0.19,55.94,5.62,0
2024-06-21,34.19,43.84,37.33,0.6,44.6,16.15,1
2024-06-22,28.79,41.93,35.38,0.78,49.52,23.02,0
2024-06-23,27.64,40.33,33.95,11.12,44.94,16.53,0
2024-06-24,31.04,41.99,38.03,3.9,32.42,13.22,0
2024-06-25,34.36,41.89,37.45,0.28,77.02,16.32,0
2024-06-26,36.27,45.38,39.33,0.53,67.42,20.25,1
2024-06-27,23.4,35.23,29.75,0.08,63.8,17.49,0
2024-06-28,29.03,42.02,36.0,1.74,56.54,19.15,1
2024-06-29,35.26,44.57,39.18,0.99,85.69,23.58,1
2024-06-30,29.49,43.4,36.47,0.48,68.97,21.09,1
2024-07-01,16.33,24.91,21.7,12.56,57.29,18.5,0
2024-07-02,21.15,29.82,24.82,28.42,71.45,18.94,0
2024-07-03,28.34,36.07,32.44,10.46,68.16,16.99,0
2024-07-04,24.02,36.04,29.69,6.07,40.18,5.38,0
2024-07-05,19.92,31.16,25.36,15.1,80.29,21.06,0
2024-07-06,23.52,31.75,28.13,6.7,64.36,10.54,0
2024-07-07,24.34,35.05,29.67,25.42,51.3,6.04,0
2024-07-08,22.35,34.3,27.78,0.88,82.97,18.18,0
2024-07-09,20.19,33.19,26.65,2.37,41.8,19.75,0
2024-07-10,27.57,37.28,30.69,58.92,67.36,24.47,1
2024-07-11,19.72,29.35,26.11,6.26,50.12,6.34,0
2024-07-12,23.54,31.3,27.38,0.74,58.15,10.37,0
2024-07-13,22.09,29.35,25.76,1.06,88.38,20.19,0
2024-07-14,21.62,32.12,27.81,3.26,47.96,9.65,0
2024-07-15,25.41,33.86,29.44,1.39,70.44,6.25,0
2024-07-16,25.41,36.24,29.79,1.59,39.3,6.65,0
2024-07-17,22.12,31.58,26.33,6.63,78.23,7.74,0
2024-07-18,23.06,32.65,28.55,1.56,59.27,6.65,0
2024-07-19,31.85,42.37,36.08,6.15,33.42,13.37,1
2024-07-20,27.55,39.32,33.22,8.54,81.73,11.28,0
2024-07-21,20.68,33.99,27.04,7.72,83.37,12.43,0
2024-07-22,22.88,32.79,27.85,13.53,80.29,12.23,0
2024-07-23,19.16,28.1,23.78,19.65,57.24,20.25,0
2024-07-24,23.57,32.54,27.27,30.25,64.76,14.79,0
2024-07-25,23.18,32.31,27.1,10.35,52.33,18.23,0
2024-07-26,24.54,32.53,28.65,2.05,40.97,21.51,0
2024-07-27,18.0,31.59,24.71,3.36,64.28,7.86,0
2024-07-28,28.31,36.88,31.65,4.58,80.71,20.92,0
2024-07-29,20.77,30.34,26.46,1.93,43.09,22.48,0
2024-07-30,19.0,31.65,25.48,0.01,67.64,20.01,0
2024-07-31,20.51,29.74,25.34,1.65,35.63,14.72,0
2024-08-01,18.56,30.06,25.19,2.72,57.98,20.21,0
2024-08-02,21.05,30.72,26.0,1.68,65.81,24.99,0
2024-08-03,22.74,29.54,26.42,17.58,42.27,11.81,0
2024-08-04,26.7,38.81,32.17,7.15,60.59,15.03,0
2024-08-05,18.1,24.85,21.75,18.27,56.94,9.75,0
2024-08-06,27.28,36.62,33.17,0.51,66.5,10.62,0
2024-08-07,22.18,32.75,26.75,16.17,37.53,20.46,0
2024-08-08,18.9,29.87,24.61,2.7,85.75,12.75,0
2024-08-09,24.36,32.67,28.29,14.93,31.81,24.23,0
2024-08-10,25.15,35.95,31.89,11.02,66.69,18.57,0
2024-08-11,24.07,36.56,30.61,29.41,46.65,10.63,0
2024-08-12,23.59,32.5,26.63,33.07,72.37,17.45,0
2024-08-13,22.14,30.56,26.19,5.85,80.07,23.71,0
2024-08-14,22.82,34.03,27.31,2.05,33.71,6.85,0
2024-08-15,22.1,33.76,28.97,1.63,60.09,9.93,0
2024-08-16,18.91,30.56,24.56,6.37,75.23,16.56,0
2024-08-17,18.61,31.74,25.15,5.15,84.55,11.28,0
2024-08-18,29.16,37.0,33.24,11.75,41.08,11.84,0
2024-08-19,25.73,36.8,31.67,1.28,47.28,14.86,0
2024-08-20,21.84,31.96,27.22,3.57,39.86,7.33,0
2024-08-21,24.8,36.37,30.73,4.22,85.89,21.42,0
2024-08-22,22.69,34.91,28.32,8.36,53.97,11.54,0
2024-08-23,22.78,31.11,27.63,8.6,88.83,9.29,0
2024-08-24,22.9,34.24,28.28,0.7,31.95,18.17,0
2024-08-25,19.87,29.33,25.14,1.89,86.3,21.37,0
2024-08-26,24.19,35.11,28.23,41.08,55.87,11.95,0
2024-08-27,21.3,30.77,26.76,2.57,64.66,12.18,0
2024-08-28,27.38,38.57,33.66,17.35,51.05,12.25,0
2024-08-29,22.91,31.12,26.25,2.35,58.93,21.82,0
2024-08-30,26.59,37.35,31.12,2.5,79.42,12.69,0
2024-08-31,18.92,29.13,22.39,26.96,71.03,15.63,0
2024-09-01,21.93,31.47,26.83,0.33,39.67,18.13,0
2024-09-02,24.9,32.85,28.18,12.54,36.98,17.26,0
2024-09-03,23.69,32.65,29.34,27.88,51.28,16.01,0
2024-09-04,26.03,35.97,31.48,16.86,45.32,7.12,0
2024-09-05,22.34,32.69,26.99,4.38,69.49,6.4,0
2024-09-06,18.08,27.56,24.39,1.71,55.15,8.36,0
2024-09-07,21.58,30.74,26.81,21.15,60.15,19.63,0
2024-09-08,24.06,34.69,28.68,9.94,61.88,18.55,0
2024-09-09,24.15,36.38,30.08,5.59,38.79,21.66,0
2024-09-10,27.09,38.26,31.6,5.64,45.07,21.88,0
2024-09-11,23.36,32.65,28.42,6.62,64.38,11.5,0
2024-09-12,23.33,33.4,27.72,13.03,78.33,23.94,0
2024-09-13,23.13,33.32,29.26,5.11,89.42,5.52,0
2024-09-14,29.47,39.7,32.95,11.65,40.87,17.46,0
2024-09-15,26.98,36.4,31.21,2.52,55.03,8.2,0
2024-09-16,20.51,30.43,27.1,14.16,53.59,7.0,0
2024-09-17,18.72,29.78,24.37,0.17,39.78,9.68,0
2024-09-18,24.8,32.68,29.47,26.1,32.36,16.48,0
2024-09-19,23.81,32.26,26.93,4.99,30.68,20.75,0
2024-09-20,23.14,34.63,27.73,8.88,62.65,10.5,0
2024-09-21,23.8,34.5,27.89,12.36,52.48,16.0,0
2024-09-22,21.48,31.6,27.7,17.86,43.56,21.35,0
2024-09-23,22.81,30.99,26.19,26.65,50.25,22.41,0
2024-09-24,14.7,24.4,19.28,4.07,39.68,16.44,0
2024-09-25,20.83,30.49,26.88,16.37,38.95,10.36,0
2024-09-26,21.31,27.68,24.54,11.38,53.51,18.94,0
2024-09-27,17.18,26.78,22.74,2.15,83.17,22.91,0
2024-09-28,21.03,30.68,24.99,5.3,79.56,18.46,0
2024-09-29,21.15,29.37,25.74,17.39,74.28,12.21,0
2024-09-30,17.44,28.03,24.41,0.85,89.31,24.55,0
2024-10-01,22.04,32.99,27.68,4.74,81.97,10.79,0
2024-10-02,27.14,36.17,31.84,1.59,63.85,22.01,0
2024-10-03,16.41,28.9,23.15,0.68,79.4,16.12,0
2024-10-04,18.13,28.61,22.14,4.35,36.17,7.52,0
2024-10-05,17.27,29.36,22.97,11.61,49.46,18.53,0
2024-10-06,24.7,34.72,30.0,3.44,46.56,20.37,0
2024-10-07,23.8,33.5,29.57,0.77,67.52,19.94,0
2024-10-08,22.67,31.79,25.85,5.68,50.48,14.57,0
2024-10-09,17.71,26.9,22.04,7.93,30.82,6.63,0
2024-10-10,18.09,25.97,21.79,2.38,69.83,24.31,0
2024-10-11,24.17,36.04,30.73,0.16,63.84,15.01,0
2024-10-12,15.37,23.57,19.99,7.48,72.88,10.87,0
2024-10-13,22.38,34.78,28.18,2.24,77.53,18.53,0
2024-10-14,23.1,30.19,26.1,1.05,43.07,18.24,0
2024-10-15,20.07,28.51,25.44,3.01,73.73,11.47,0
2024-10-16,23.46,30.37,27.0,1.26,79.89,23.37,0
2024-10-17,27.41,35.43,30.82,3.15,73.74,20.6,0
2024-10-18,19.2,27.41,22.25,0.88,81.07,24.15,0
2024-10-19,24.01,32.41,29.07,2.5,62.93,12.6,0
2024-10-20,16.94,24.58,20.32,0.82,35.8,8.54,0
2024-10-21,24.73,34.64,29.51,13.11,82.42,24.91,0
2024-10-22,24.61,33.44,28.83,1.19,70.35,18.64,0
2024-10-23,22.48,31.54,26.01,1.14,37.7,16.57,0
2024-10-24,21.81,33.3,28.3,4.2,73.81,17.38,0
2024-10-25,25.08,32.32,28.18,0.62,56.58,17.34,0
2024-10-26,17.06,27.35,23.92,0.4,58.71,16.71,0
2024-10-27,22.91,29.48,26.25,2.34,36.33,16.71,0
2024-10-28,14.07,23.52,20.35,3.05,59.89,18.79,0
2024-10-29,21.54,31.23,25.77,0.87,83.88,21.2,0
2024-10-30,24.21,34.63,29.77,1.36,41.4,19.03,0
2024-10-31,22.29,33.37,26.72,2.44,31.26,11.32,0
2024-11-01,17.34,27.95,21.92,3.38,57.25,13.25,0
2024-11-02,24.69,32.17,28.69,8.19,65.07,24.39,0
2024-11-03,18.19,26.87,23.22,1.24,69.49,24.95,0
2024-11-04,20.08,29.11,24.5,1.8,36.91,22.67,0
2024-11-05,14.85,25.21,19.62,3.23,33.69,21.27,0
2024-11-06,15.34,27.75,20.93,8.47,39.09,14.55,0
2024-11-07,25.0,32.86,29.35,1.54,53.5,8.25,0
2024-11-08,26.59,33.66,30.42,3.98,63.14,16.9,0
2024-11-09,19.43,30.8,25.64,1.27,34.76,16.32,0
2024-11-10,23.5,32.27,28.08,7.16,38.61,8.03,0
2024-11-11,24.16,36.94,30.92,0.25,65.2,21.57,0
2024-11-12,15.93,26.36,20.84,0.25,79.72,20.67,0
2024-11-13,19.09,32.47,25.59,0.4,40.63,19.44,0
2024-11-14,20.08,29.77,24.7,0.12,64.84,23.72,0
2024-11-15,17.53,27.42,24.33,4.98,88.95,6.72,0
2024-11-16,27.02,34.67,31.14,5.05,56.39,17.88,0
2024-11-17,16.74,27.88,23.35,2.74,42.98,13.85,0
2024-11-18,18.28,30.86,24.56,0.15,65.28,12.06,0
2024-11-19,20.23,31.9,25.76,5.24,65.91,13.28,0
2024-11-20,23.99,34.57,29.15,9.51,43.23,17.51,0
2024-11-21,15.72,27.19,21.14,0.18,61.4,9.54,0
2024-11-22,22.56,30.65,25.88,3.29,39.8,8.69,0
2024-11-23,18.98,28.61,23.57,0.16,59.0,12.66,0
2024-11-24,17.65,26.26,21.23,5.48,33.72,6.42,0
2024-11-25,24.86,36.93,30.09,6.31,32.92,6.96,0
2024-11-26,26.95,35.86,30.69,0.14,68.73,5.91,0
2024-11-27,20.13,27.13,23.64,0.56,61.11,9.92,0
2024-11-28,17.39,30.08,24.34,1.33,86.94,7.85,0
2024-11-29,24.92,33.62,27.93,0.24,68.51,13.22,0
2024-11-30,14.02,21.78,18.68,2.02,50.12,8.54,0
2024-12-01,19.55,28.07,24.12,0.38,35.82,8.58,0
2024-12-02,14.95,25.85,20.66,1.6,58.51,23.45,0
2024-12-03,11.14,24.24,17.27,0.43,44.44,22.49,0
2024-12-04,12.67,21.17,16.57,1.78,54.58,24.56,0
2024-12-05,14.08,24.68,20.0,0.41,64.7,21.65,0
2024-12-06,9.4,19.1,15.87,1.63,71.52,7.8,0
2024-12-07,18.04,30.1,23.12,0.52,38.11,18.51,0
2024-12-08,5.6,12.77,9.13,0.5,86.96,22.59,0
2024-12-09,10.74,20.35,15.67,1.11,51.47,16.88,0
2024-12-10,9.66,18.19,13.3,0.86,63.21,16.41,0
2024-12-11,16.3,26.84,20.72,0.03,63.83,10.22,0
2024-12-12,9.48,20.94,14.75,1.19,74.1,17.2,0
2024-12-13,8.88,18.95,13.55,0.3,60.82,10.76,0
2024-12-14,12.87,22.0,17.86,0.01,74.08,5.48,0
2024-12-15,15.68,23.93,20.56,0.19,67.54,16.01,0
2024-12-16,13.41,25.08,18.49,0.52,41.78,5.45,0
2024-12-17,13.53,25.16,18.92,2.21,55.78,20.0,0
2024-12-18,17.01,26.02,22.3,2.44,46.13,8.97,0
2024-12-19,9.39,19.44,14.74,0.81,66.93,6.63,0
2024-12-20,10.05,18.81,13.74,0.09,42.84,10.67,0
2024-12-21,17.36,28.63,22.96,0.01,77.92,23.66,0
2024-12-22,12.8,22.96,16.42,0.02,57.51,16.29,0
2024-12-23,16.05,28.92,23.04,2.68,47.23,22.6,0
2024-12-24,18.66,29.18,22.59,0.05,45.37,9.41,0
2024-12-25,20.17,32.24,26.2,0.27,48.76,13.21,0
2024-12-26,11.1,23.59,18.0,0.24,86.07,11.07,0
2024-12-27,13.91,25.35,20.77,1.18,37.84,18.43,0
2024-12-28,15.64,24.77,20.94,1.31,60.27,11.24,0
2024-12-29,21.66,30.21,25.59,1.37,46.15,8.97,0
2024-12-30,7.57,18.69,14.21,1.53,75.08,22.94,0
2024-12-31,12.14,21.0,16.64,3.13,33.75,14.72,0
